{
    "type": {
        "world_size": 40,
        "n_preys": 3,
        "success_rate_of_runs": 1.0,
        "success_in_runs": [
            true
        ],
        "n_steps_in_runs": [
            38
        ],
        "avg_steps_of_runs": 38.0,
        "max_steps_in_runs": 38,
        "std_steps_of_runs": 0.0,
        "best_fitness_over_steps_in_runs": [
            [
                47.77456555339498,
                43.66088581042913,
                42.79423390046495,
                40.06194709849722,
                35.19504069031779,
                31.140978990289316,
                30.194577819699532,
                30.63719261414797,
                28.018258578477244,
                25.772885354163954,
                23.776475886662652,
                21.693022459095033,
                18.459952673752557,
                16.906466239725212,
                16.505310147881133,
                15.389989078638552,
                16.604483933577228,
                16.565925178323074,
                15.64341593418192,
                12.87316305959795,
                12.795585690290523,
                12.743266274165801,
                10.405928559332729,
                8.683263982540101,
                7.847881083480877,
                8.389131124889456,
                6.284587869012102,
                6.900281539872886,
                7.144619986818785,
                5.482049601850563,
                8.255866009437675,
                6.119677166154769,
                8.058389544902651,
                8.279884030123286,
                6.354569118525851,
                3.619677166154769,
                5.118033988749895,
                3.414213562373095
            ]
        ],
        "avg_of_runs_best_fitness_over_steps": [
            47.77456555339498,
            43.66088581042913,
            42.79423390046495,
            40.06194709849722,
            35.19504069031779,
            31.140978990289316,
            30.194577819699532,
            30.63719261414797,
            28.018258578477244,
            25.772885354163954,
            23.776475886662652,
            21.693022459095033,
            18.459952673752557,
            16.906466239725212,
            16.505310147881133,
            15.389989078638552,
            16.604483933577228,
            16.565925178323074,
            15.64341593418192,
            12.87316305959795,
            12.795585690290523,
            12.743266274165801,
            10.405928559332729,
            8.683263982540101,
            7.847881083480877,
            8.389131124889456,
            6.284587869012102,
            6.900281539872886,
            7.144619986818785,
            5.482049601850563,
            8.255866009437675,
            6.119677166154769,
            8.058389544902651,
            8.279884030123286,
            6.354569118525851,
            3.619677166154769,
            5.118033988749895,
            3.414213562373095
        ],
        "n_fitness_evaluations_over_steps_in_runs": [
            [
                87,
                82,
                49,
                49,
                49,
                49,
                49,
                49,
                49,
                49,
                49,
                49,
                49,
                49,
                49,
                49,
                49,
                78,
                49,
                49,
                49,
                49,
                49,
                49,
                49,
                49,
                49,
                49,
                49,
                49,
                49,
                49,
                49,
                49,
                49,
                49,
                49,
                49
            ]
        ],
        "avg_of_runs_n_fitness_evaluations_over_steps": [
            87.0,
            82.0,
            49.0,
            49.0,
            49.0,
            49.0,
            49.0,
            49.0,
            49.0,
            49.0,
            49.0,
            49.0,
            49.0,
            49.0,
            49.0,
            49.0,
            49.0,
            78.0,
            49.0,
            49.0,
            49.0,
            49.0,
            49.0,
            49.0,
            49.0,
            49.0,
            49.0,
            49.0,
            49.0,
            49.0,
            49.0,
            49.0,
            49.0,
            49.0,
            49.0,
            49.0,
            49.0,
            49.0
        ],
        "duration_time_in_runs": [
            33.500402212142944
        ],
        "avg_of_runs_duration_time": 33.500402212142944
    }
}