{
    "type": {
        "world_size": 40,
        "n_preys": 4,
        "success_rate_of_runs": 1.0,
        "success_in_runs": [
            true
        ],
        "n_steps_in_runs": [
            43
        ],
        "avg_steps_of_runs": 43.0,
        "max_steps_in_runs": 43,
        "std_steps_of_runs": 0.0,
        "best_fitness_over_steps_in_runs": [
            [
                53.454589898360915,
                51.500969629292484,
                50.481551515887475,
                46.310637675444944,
                41.44437955530045,
                38.765542303889475,
                35.22760067000268,
                33.53786680839634,
                29.745414944330037,
                26.964251378471022,
                26.031580812939183,
                26.32437185184643,
                23.477384947272263,
                23.660511581967864,
                20.832080822100096,
                21.191005194768703,
                18.74072773053655,
                17.828123901863783,
                16.157838731943006,
                12.987270505127524,
                14.747963259819024,
                15.035961789475607,
                16.506289998370388,
                15.123891145363901,
                11.060837359987346,
                15.325157284054196,
                9.529963729327857,
                12.74447132304466,
                11.802045583060876,
                9.806693190603589,
                10.43915638303711,
                11.130656417738013,
                8.148129768787825,
                7.487711154904664,
                8.10034851740929,
                9.467620398166936,
                9.930725239501232,
                7.8254959707185705,
                8.270975839487784,
                6.978082620674332,
                8.270975839487784,
                8.669065626299384,
                6.567155413110984
            ]
        ],
        "avg_of_runs_best_fitness_over_steps": [
            53.454589898360915,
            51.500969629292484,
            50.481551515887475,
            46.310637675444944,
            41.44437955530045,
            38.765542303889475,
            35.22760067000268,
            33.53786680839634,
            29.745414944330037,
            26.964251378471022,
            26.031580812939183,
            26.32437185184643,
            23.477384947272263,
            23.660511581967864,
            20.832080822100096,
            21.191005194768703,
            18.74072773053655,
            17.828123901863783,
            16.157838731943006,
            12.987270505127524,
            14.747963259819024,
            15.035961789475607,
            16.506289998370388,
            15.123891145363901,
            11.060837359987346,
            15.325157284054196,
            9.529963729327857,
            12.74447132304466,
            11.802045583060876,
            9.806693190603589,
            10.43915638303711,
            11.130656417738013,
            8.148129768787825,
            7.487711154904664,
            8.10034851740929,
            9.467620398166936,
            9.930725239501232,
            7.8254959707185705,
            8.270975839487784,
            6.978082620674332,
            8.270975839487784,
            8.669065626299384,
            6.567155413110984
        ],
        "n_fitness_evaluations_over_steps_in_runs": [
            [
                237,
                97,
                97,
                128,
                124,
                182,
                97,
                142,
                151,
                129,
                97,
                97,
                97,
                183,
                137,
                149,
                193,
                160,
                97,
                97,
                131,
                97,
                97,
                97,
                97,
                97,
                97,
                97,
                97,
                97,
                97,
                97,
                97,
                97,
                97,
                97,
                97,
                97,
                97,
                97,
                97,
                97,
                97
            ]
        ],
        "avg_of_runs_n_fitness_evaluations_over_steps": [
            237.0,
            97.0,
            97.0,
            128.0,
            124.0,
            182.0,
            97.0,
            142.0,
            151.0,
            129.0,
            97.0,
            97.0,
            97.0,
            183.0,
            137.0,
            149.0,
            193.0,
            160.0,
            97.0,
            97.0,
            131.0,
            97.0,
            97.0,
            97.0,
            97.0,
            97.0,
            97.0,
            97.0,
            97.0,
            97.0,
            97.0,
            97.0,
            97.0,
            97.0,
            97.0,
            97.0,
            97.0,
            97.0,
            97.0,
            97.0,
            97.0,
            97.0,
            97.0
        ],
        "duration_time_in_runs": [
            40.228981018066406
        ],
        "avg_of_runs_duration_time": 40.228981018066406
    }
}