{
    "type": {
        "world_size": 40,
        "n_preys": 4,
        "success_rate_of_runs": 1.0,
        "success_in_runs": [
            true
        ],
        "n_steps_in_runs": [
            60
        ],
        "avg_steps_of_runs": 60.0,
        "max_steps_in_runs": 60,
        "std_steps_of_runs": 0.0,
        "best_fitness_over_steps_in_runs": [
            [
                60.07415132790679,
                55.99116028914348,
                53.33586375770322,
                50.19151903401673,
                49.06804406026988,
                44.76566266576691,
                43.251730061074326,
                43.0830574929253,
                39.64131188050154,
                35.3722522058528,
                34.97832569638806,
                29.620557180245857,
                24.66886936165752,
                23.682302825480853,
                21.424754980805105,
                20.28042082977644,
                19.0609408335161,
                17.46729226001815,
                17.15628351157651,
                14.025624941437616,
                17.78252358317837,
                16.390217630865497,
                15.839271704890303,
                17.913192125627518,
                14.4500915904098,
                14.488161079596072,
                10.259485071023489,
                8.85574514365456,
                10.78638225847692,
                9.365132803944885,
                7.789937442395322,
                8.116904834919707,
                5.310660171779821,
                6.8090169943749475,
                7.7476761962286425,
                5.167511594427492,
                5.280604373718116,
                6.349586409417043,
                7.288245611270737,
                6.58113883008419,
                7.288245611270737,
                4.825140769936443,
                6.118033988749895,
                7.288245611270737,
                4.825140769936443,
                6.118033988749895,
                6.569479216882342,
                6.940355556152756,
                7.399064015094639,
                6.4976761962286425,
                4.825140769936443,
                6.118033988749895,
                6.58113883008419,
                4.825140769936443,
                6.118033988749895,
                4.825140769936443,
                6.118033988749895,
                6.58113883008419,
                4.825140769936443,
                4.414213562373095
            ]
        ],
        "avg_of_runs_best_fitness_over_steps": [
            60.07415132790679,
            55.99116028914348,
            53.33586375770322,
            50.19151903401673,
            49.06804406026988,
            44.76566266576691,
            43.251730061074326,
            43.0830574929253,
            39.64131188050154,
            35.3722522058528,
            34.97832569638806,
            29.620557180245857,
            24.66886936165752,
            23.682302825480853,
            21.424754980805105,
            20.28042082977644,
            19.0609408335161,
            17.46729226001815,
            17.15628351157651,
            14.025624941437616,
            17.78252358317837,
            16.390217630865497,
            15.839271704890303,
            17.913192125627518,
            14.4500915904098,
            14.488161079596072,
            10.259485071023489,
            8.85574514365456,
            10.78638225847692,
            9.365132803944885,
            7.789937442395322,
            8.116904834919707,
            5.310660171779821,
            6.8090169943749475,
            7.7476761962286425,
            5.167511594427492,
            5.280604373718116,
            6.349586409417043,
            7.288245611270737,
            6.58113883008419,
            7.288245611270737,
            4.825140769936443,
            6.118033988749895,
            7.288245611270737,
            4.825140769936443,
            6.118033988749895,
            6.569479216882342,
            6.940355556152756,
            7.399064015094639,
            6.4976761962286425,
            4.825140769936443,
            6.118033988749895,
            6.58113883008419,
            4.825140769936443,
            6.118033988749895,
            4.825140769936443,
            6.118033988749895,
            6.58113883008419,
            4.825140769936443,
            4.414213562373095
        ],
        "n_fitness_evaluations_over_steps_in_runs": [
            [
                273,
                97,
                190,
                97,
                160,
                106,
                151,
                97,
                97,
                97,
                121,
                97,
                97,
                97,
                97,
                97,
                97,
                97,
                97,
                97,
                97,
                97,
                97,
                97,
                97,
                97,
                97,
                97,
                97,
                97,
                97,
                97,
                97,
                97,
                97,
                97,
                97,
                97,
                97,
                97,
                97,
                97,
                97,
                97,
                97,
                97,
                97,
                97,
                97,
                97,
                97,
                97,
                97,
                97,
                97,
                97,
                97,
                97,
                97,
                97
            ]
        ],
        "avg_of_runs_n_fitness_evaluations_over_steps": [
            273.0,
            97.0,
            190.0,
            97.0,
            160.0,
            106.0,
            151.0,
            97.0,
            97.0,
            97.0,
            121.0,
            97.0,
            97.0,
            97.0,
            97.0,
            97.0,
            97.0,
            97.0,
            97.0,
            97.0,
            97.0,
            97.0,
            97.0,
            97.0,
            97.0,
            97.0,
            97.0,
            97.0,
            97.0,
            97.0,
            97.0,
            97.0,
            97.0,
            97.0,
            97.0,
            97.0,
            97.0,
            97.0,
            97.0,
            97.0,
            97.0,
            97.0,
            97.0,
            97.0,
            97.0,
            97.0,
            97.0,
            97.0,
            97.0,
            97.0,
            97.0,
            97.0,
            97.0,
            97.0,
            97.0,
            97.0,
            97.0,
            97.0,
            97.0,
            97.0
        ],
        "duration_time_in_runs": [
            48.03618669509888
        ],
        "avg_of_runs_duration_time": 48.03618669509888
    }
}