{
    "type": {
        "world_size": 40,
        "n_preys": 4,
        "success_rate_of_runs": 1.0,
        "success_in_runs": [
            true
        ],
        "n_steps_in_runs": [
            30
        ],
        "avg_steps_of_runs": 30.0,
        "max_steps_in_runs": 30,
        "std_steps_of_runs": 0.0,
        "best_fitness_over_steps_in_runs": [
            [
                51.951292052374384,
                48.37532879042442,
                44.42463732306684,
                43.033070493041876,
                39.42911042563461,
                35.863845402819564,
                33.8579348162677,
                29.517882468194507,
                26.746817180719717,
                23.136613719223178,
                21.5796331357241,
                18.650866858874966,
                17.481041839883428,
                15.714764699136603,
                15.165387347674814,
                12.526629974379574,
                12.860262831573793,
                11.506412618925728,
                10.942306454801916,
                9.286426546961748,
                9.435189401860878,
                10.372205426309701,
                8.455280158598605,
                9.052726209427359,
                5.94481793609121,
                8.861743203802305,
                7.430337337934589,
                7.288245611270737,
                4.825140769936443,
                4.414213562373095
            ]
        ],
        "avg_of_runs_best_fitness_over_steps": [
            51.951292052374384,
            48.37532879042442,
            44.42463732306684,
            43.033070493041876,
            39.42911042563461,
            35.863845402819564,
            33.8579348162677,
            29.517882468194507,
            26.746817180719717,
            23.136613719223178,
            21.5796331357241,
            18.650866858874966,
            17.481041839883428,
            15.714764699136603,
            15.165387347674814,
            12.526629974379574,
            12.860262831573793,
            11.506412618925728,
            10.942306454801916,
            9.286426546961748,
            9.435189401860878,
            10.372205426309701,
            8.455280158598605,
            9.052726209427359,
            5.94481793609121,
            8.861743203802305,
            7.430337337934589,
            7.288245611270737,
            4.825140769936443,
            4.414213562373095
        ],
        "n_fitness_evaluations_over_steps_in_runs": [
            [
                240,
                97,
                97,
                97,
                154,
                97,
                156,
                137,
                97,
                97,
                97,
                97,
                97,
                97,
                97,
                97,
                97,
                97,
                97,
                97,
                97,
                97,
                97,
                97,
                97,
                97,
                97,
                97,
                97,
                97
            ]
        ],
        "avg_of_runs_n_fitness_evaluations_over_steps": [
            240.0,
            97.0,
            97.0,
            97.0,
            154.0,
            97.0,
            156.0,
            137.0,
            97.0,
            97.0,
            97.0,
            97.0,
            97.0,
            97.0,
            97.0,
            97.0,
            97.0,
            97.0,
            97.0,
            97.0,
            97.0,
            97.0,
            97.0,
            97.0,
            97.0,
            97.0,
            97.0,
            97.0,
            97.0,
            97.0
        ],
        "duration_time_in_runs": [
            27.471505880355835
        ],
        "avg_of_runs_duration_time": 27.471505880355835
    }
}