{
    "type": {
        "world_size": 40,
        "n_preys": 4,
        "success_rate_of_runs": 1.0,
        "success_in_runs": [
            true
        ],
        "n_steps_in_runs": [
            38
        ],
        "avg_steps_of_runs": 38.0,
        "max_steps_in_runs": 38,
        "std_steps_of_runs": 0.0,
        "best_fitness_over_steps_in_runs": [
            [
                63.645652048336544,
                60.96756498950447,
                56.899654708486146,
                55.75639002462482,
                53.13840565053277,
                46.77398490896163,
                46.23103380641687,
                40.643275210533886,
                41.608358744008626,
                36.70933483427594,
                34.937548948978865,
                34.35975698321355,
                33.56676380966185,
                30.599962761357943,
                27.198622370063678,
                23.655507727854314,
                23.678912419203797,
                20.61335386906951,
                17.422508046002143,
                13.320586581247989,
                12.79258022712267,
                12.18987699137982,
                9.729277270615501,
                8.44102298760128,
                6.7314697982617115,
                6.580081979395714,
                5.280604373718116,
                6.2661237755614945,
                7.288245611270737,
                6.58113883008419,
                7.288245611270737,
                4.825140769936443,
                6.118033988749895,
                7.288245611270737,
                4.825140769936443,
                6.118033988749895,
                6.5161237755614945,
                4.414213562373095
            ]
        ],
        "avg_of_runs_best_fitness_over_steps": [
            63.645652048336544,
            60.96756498950447,
            56.899654708486146,
            55.75639002462482,
            53.13840565053277,
            46.77398490896163,
            46.23103380641687,
            40.643275210533886,
            41.608358744008626,
            36.70933483427594,
            34.937548948978865,
            34.35975698321355,
            33.56676380966185,
            30.599962761357943,
            27.198622370063678,
            23.655507727854314,
            23.678912419203797,
            20.61335386906951,
            17.422508046002143,
            13.320586581247989,
            12.79258022712267,
            12.18987699137982,
            9.729277270615501,
            8.44102298760128,
            6.7314697982617115,
            6.580081979395714,
            5.280604373718116,
            6.2661237755614945,
            7.288245611270737,
            6.58113883008419,
            7.288245611270737,
            4.825140769936443,
            6.118033988749895,
            7.288245611270737,
            4.825140769936443,
            6.118033988749895,
            6.5161237755614945,
            4.414213562373095
        ],
        "n_fitness_evaluations_over_steps_in_runs": [
            [
                173,
                97,
                142,
                188,
                97,
                97,
                97,
                97,
                97,
                97,
                97,
                131,
                107,
                158,
                152,
                97,
                97,
                97,
                97,
                97,
                97,
                97,
                97,
                97,
                97,
                97,
                97,
                97,
                97,
                97,
                97,
                97,
                97,
                97,
                97,
                97,
                97,
                97
            ]
        ],
        "avg_of_runs_n_fitness_evaluations_over_steps": [
            173.0,
            97.0,
            142.0,
            188.0,
            97.0,
            97.0,
            97.0,
            97.0,
            97.0,
            97.0,
            97.0,
            131.0,
            107.0,
            158.0,
            152.0,
            97.0,
            97.0,
            97.0,
            97.0,
            97.0,
            97.0,
            97.0,
            97.0,
            97.0,
            97.0,
            97.0,
            97.0,
            97.0,
            97.0,
            97.0,
            97.0,
            97.0,
            97.0,
            97.0,
            97.0,
            97.0,
            97.0,
            97.0
        ],
        "duration_time_in_runs": [
            32.59756588935852
        ],
        "avg_of_runs_duration_time": 32.59756588935852
    }
}