{
    "type": {
        "world_size": 40,
        "n_preys": 4,
        "success_rate_of_runs": 1.0,
        "success_in_runs": [
            true
        ],
        "n_steps_in_runs": [
            31
        ],
        "avg_steps_of_runs": 31.0,
        "max_steps_in_runs": 31,
        "std_steps_of_runs": 0.0,
        "best_fitness_over_steps_in_runs": [
            [
                44.61000749005677,
                43.01892693167705,
                39.379064673442166,
                35.52081503040245,
                35.290804624232194,
                31.87162764333656,
                27.625960426111853,
                22.806657397594016,
                20.701524421681377,
                17.059980105013828,
                17.44734707336286,
                16.1231957042889,
                14.060516478403168,
                15.454467481522048,
                11.281306011285107,
                13.391615556680943,
                14.567781721803609,
                14.287400775244786,
                14.364103135332073,
                11.428401435729874,
                11.49070478491457,
                11.537319187990756,
                8.59380036393182,
                6.943174758686338,
                8.63415776431139,
                10.576491222541474,
                11.537319187990757,
                11.537319187990757,
                11.537319187990757,
                9.16227766016838,
                4.82842712474619
            ]
        ],
        "avg_of_runs_best_fitness_over_steps": [
            44.61000749005677,
            43.01892693167705,
            39.379064673442166,
            35.52081503040245,
            35.290804624232194,
            31.87162764333656,
            27.625960426111853,
            22.806657397594016,
            20.701524421681377,
            17.059980105013828,
            17.44734707336286,
            16.1231957042889,
            14.060516478403168,
            15.454467481522048,
            11.281306011285107,
            13.391615556680943,
            14.567781721803609,
            14.287400775244786,
            14.364103135332073,
            11.428401435729874,
            11.49070478491457,
            11.537319187990756,
            8.59380036393182,
            6.943174758686338,
            8.63415776431139,
            10.576491222541474,
            11.537319187990757,
            11.537319187990757,
            11.537319187990757,
            9.16227766016838,
            4.82842712474619
        ],
        "n_fitness_evaluations_over_steps_in_runs": [
            [
                220,
                165,
                198,
                140,
                142,
                173,
                171,
                97,
                97,
                97,
                97,
                97,
                97,
                97,
                97,
                97,
                97,
                97,
                97,
                97,
                97,
                97,
                97,
                97,
                97,
                97,
                97,
                97,
                97,
                97,
                97
            ]
        ],
        "avg_of_runs_n_fitness_evaluations_over_steps": [
            220.0,
            165.0,
            198.0,
            140.0,
            142.0,
            173.0,
            171.0,
            97.0,
            97.0,
            97.0,
            97.0,
            97.0,
            97.0,
            97.0,
            97.0,
            97.0,
            97.0,
            97.0,
            97.0,
            97.0,
            97.0,
            97.0,
            97.0,
            97.0,
            97.0,
            97.0,
            97.0,
            97.0,
            97.0,
            97.0,
            97.0
        ],
        "duration_time_in_runs": [
            29.453245878219604
        ],
        "avg_of_runs_duration_time": 29.453245878219604
    }
}